SpineBase,,,SpineMid,,,Neck,,,Head,,,ShoulderLeft,,,ElbowLeft,,,WristLeft,,,HandLeft,,,ShoulderRight,,,ElbowRight,,,WristRight,,,HandRight,,,HipLeft,,,KneeLeft,,,AnkleLeft,,,FootLeft,,,HipRight,,,KneeRight,,,AnkleRight,,,FootRight,,,SpineShoulder,,,HandTipLeft,,,ThumbLeft,,,HandTipRight,,,ThumbRight,,,
X,Y,Z,X,Y,Z,X,Y,Z,X,Y,Z,X,Y,Z,X,Y,Z,X,Y,Z,X,Y,Z,X,Y,Z,X,Y,Z,X,Y,Z,X,Y,Z,X,Y,Z,X,Y,Z,X,Y,Z,X,Y,Z,X,Y,Z,X,Y,Z,X,Y,Z,X,Y,Z,X,Y,Z,X,Y,Z,X,Y,Z,X,Y,Z,X,Y,Z,
0.007442754,-0.4598807,2.42413,0.009260532,-0.171251,2.415878,0.009951409,0.1120163,2.396508,0.02022791,0.2632161,2.407122,-0.1472585,0.01326416,2.36184,-0.3047217,-0.08095974,2.270278,-0.2565214,0.1386891,2.23075,-0.2382972,0.2077675,2.233416,0.1881131,0.00329897,2.3916,0.3449599,-0.07464539,2.28525,0.2901803,0.1612229,2.245683,0.2699985,0.2299892,2.24845,-0.07504383,-0.4511789,2.387088,-0.06616524,-0.4315932,1.914653,-0.06712339,-0.5586987,2.235456,-0.09020405,-0.6239666,2.155232,0.08972975,-0.4554163,2.395251,0.1633594,-0.4692263,1.928833,0.1027817,-0.5537561,2.251778,0.03519757,-0.6079996,2.212437,0.00989702,0.04198018,2.403526,-0.2243724,0.2828038,2.238878,-0.1782115,0.191239,2.205824,0.2611401,0.3000912,2.249525,0.206055,0.1979638,2.223627,
0.007469579,-0.4598151,2.424092,0.00935191,-0.1712059,2.415787,0.01038409,0.1119426,2.396042,0.02023952,0.2632099,2.407074,-0.1470704,0.01402995,2.363795,-0.3046731,-0.08058947,2.270321,-0.2564441,0.1387057,2.230833,-0.2389894,0.2075891,2.233921,0.1881046,0.003295108,2.391603,0.3447869,-0.07488956,2.285335,0.2901633,0.1610063,2.245699,0.2700035,0.2299207,2.249452,-0.0750091,-0.4509575,2.38701,-0.06620674,-0.4317402,1.914561,-0.06734817,-0.5587713,2.235558,-0.08183602,-0.624802,2.153046,0.08975249,-0.4554327,2.395223,0.1598922,-0.4619966,1.928029,0.1033581,-0.5543448,2.252136,0.04200447,-0.6144497,2.211382,0.01019961,0.04195884,2.403199,-0.2253097,0.2835135,2.240144,-0.1782665,0.1908908,2.205675,0.2577284,0.2995651,2.249316,0.2048267,0.1989095,2.225384,
0.007444219,-0.4597582,2.424237,0.009388286,-0.171222,2.415789,0.01082902,0.1116174,2.39561,0.02018233,0.2630176,2.40698,-0.1472471,0.01375253,2.362995,-0.3047018,-0.08054674,2.270262,-0.2564437,0.1387055,2.230831,-0.2396445,0.2073639,2.23401,0.1880647,0.003291272,2.39161,0.3432986,-0.07118149,2.284512,0.2889789,0.1648218,2.245332,0.2699685,0.2326052,2.249487,-0.07503857,-0.450858,2.387171,-0.0676465,-0.4325212,1.914668,-0.06473012,-0.5595793,2.23495,-0.09965049,-0.6207439,2.156034,0.08973142,-0.4554476,2.395337,0.158576,-0.4591772,1.927889,0.1033477,-0.5544345,2.25206,0.04356473,-0.6157187,2.210058,0.01048629,0.04175627,2.40295,-0.2238275,0.2836294,2.239759,-0.1772334,0.1920717,2.205528,0.2578617,0.3044059,2.248334,0.2051047,0.1982646,2.22496,
0.00740952,-0.4597511,2.424172,0.00959587,-0.1711736,2.415555,0.01189135,0.1117192,2.394757,0.02029388,0.2632255,2.406801,-0.1474148,0.01342548,2.362142,-0.3047114,-0.08045614,2.270193,-0.2565267,0.1384672,2.23081,-0.2392394,0.2077785,2.233711,0.18805,0.00327544,2.391592,0.3435856,-0.07093217,2.284079,0.2896879,0.1625357,2.241027,0.2691584,0.2342767,2.249446,-0.07503296,-0.4508167,2.387104,-0.06791005,-0.4328046,1.914585,-0.06750344,-0.5587803,2.235417,-0.08929747,-0.6249975,2.156028,0.08961641,-0.455526,2.395225,0.1570353,-0.4593956,1.927562,0.07133379,-0.55507,2.247764,0.06621999,-0.6381083,2.214182,0.01127687,0.04184223,2.402278,-0.2252961,0.2834781,2.239858,-0.1768951,0.1919515,2.205206,0.2594426,0.3049633,2.250044,0.2053663,0.1989123,2.224677,
0.007249441,-0.4595335,2.424276,0.009600264,-0.1710652,2.415543,0.01203317,0.1118143,2.394593,0.02022751,0.2632919,2.406746,-0.1469859,0.01419551,2.363421,-0.3049032,-0.0815785,2.270927,-0.2565307,0.1385416,2.230799,-0.2388957,0.2079963,2.234264,0.1880632,0.003400426,2.391554,0.344354,-0.07384332,2.284629,0.2883412,0.1615173,2.243318,0.2697953,0.2311492,2.248781,-0.07520479,-0.4504894,2.387203,-0.06846853,-0.4325728,1.914676,-0.06874837,-0.559436,2.235662,-0.07951895,-0.6261551,2.153182,0.08948691,-0.4554474,2.39531,0.1555048,-0.4584949,1.927426,0.08506975,-0.5543696,2.249233,0.04998796,-0.6308175,2.21197,0.01137438,0.041938,2.402163,-0.2265134,0.2838427,2.239357,-0.1790587,0.1897587,2.204843,0.2582113,0.3047269,2.247111,0.2054678,0.197529,2.224832,
0.007011861,-0.4595015,2.424015,0.009553364,-0.1710293,2.415303,0.01214474,0.111824,2.394228,0.02015736,0.2631596,2.406615,-0.1472604,0.01383211,2.362436,-0.304928,-0.08130146,2.270527,-0.2564576,0.1385157,2.230681,-0.2381409,0.2073633,2.233021,0.1879963,0.00361497,2.391507,0.3443632,-0.07367583,2.284482,0.2878308,0.1615828,2.24332,0.2685485,0.2313746,2.247962,-0.07537426,-0.450444,2.386926,-0.06858715,-0.4327645,1.914392,-0.06898475,-0.5593508,2.23561,-0.07553884,-0.6267392,2.153318,0.08916955,-0.4554816,2.395045,0.1546395,-0.4578274,1.927071,0.08928919,-0.5537548,2.249056,0.04560931,-0.6262895,2.212349,0.01144663,0.04195451,2.401823,-0.2254074,0.2838833,2.24101,-0.1770414,0.1919067,2.205622,0.2568449,0.3043824,2.24997,0.2052582,0.1980123,2.224228,
0.006977023,-0.4594384,2.424011,0.009552161,-0.1709976,2.415337,0.01217372,0.11182,2.394316,0.02013912,0.2631281,2.406584,-0.1466983,0.01461924,2.364969,-0.3049839,-0.0810488,2.2707,-0.2564706,0.1384514,2.230971,-0.2383892,0.2085131,2.236711,0.187977,0.003596258,2.391547,0.3442222,-0.07331213,2.284473,0.2873841,0.1620347,2.244573,0.268241,0.2318887,2.252258,-0.07540843,-0.4502501,2.386923,-0.06856971,-0.4327853,1.914383,-0.07037165,-0.5591565,2.236167,-0.07304189,-0.6266102,2.153538,0.08913661,-0.45549,2.395038,0.153952,-0.4579803,1.926971,0.09416328,-0.5542176,2.250793,0.04249489,-0.6218949,2.212157,0.01146732,0.04196095,2.401886,-0.2256462,0.284132,2.243028,-0.1771581,0.1919044,2.205646,0.2552088,0.3040475,2.252248,0.20542,0.1983596,2.225243,
0.007246081,-0.4591793,2.423418,0.009547445,-0.1709521,2.415111,0.01200185,0.1117293,2.394184,0.02011315,0.2630689,2.406104,-0.1468537,0.01390962,2.363145,-0.3048501,-0.0808529,2.270561,-0.2502391,0.1549411,2.229965,-0.2378282,0.2079599,2.232157,0.1879393,0.003605895,2.391482,0.3451206,-0.07568455,2.284007,0.2872171,0.1595265,2.244959,0.2678792,0.2319559,2.248997,-0.07532408,-0.4499929,2.386482,-0.06638486,-0.4286704,1.914114,-0.07040014,-0.5590255,2.2361,-0.07430787,-0.6266543,2.153835,0.08964947,-0.4553185,2.39423,0.1506198,-0.4560692,1.925605,0.1063092,-0.5549439,2.251635,0.04539452,-0.6157711,2.213715,0.01135317,0.04190838,2.40174,-0.2252296,0.283511,2.239268,-0.1771671,0.191703,2.205189,0.2572603,0.3043762,2.253788,0.2055687,0.197094,2.224092,
0.007441988,-0.4591565,2.423257,0.009653796,-0.1709674,2.415,0.01204198,0.1116598,2.394095,0.02013909,0.2631052,2.406049,-0.1471491,0.0134426,2.362196,-0.304911,-0.08080694,2.270479,-0.2525641,0.1490335,2.229918,-0.2385767,0.2082929,2.234774,0.1879562,0.003838343,2.391439,0.3443111,-0.07358529,2.28277,0.2864099,0.1617311,2.244669,0.2678792,0.2316837,2.249178,-0.07505257,-0.4499656,2.386273,-0.06667485,-0.429114,1.913877,-0.07015509,-0.5586244,2.235768,-0.07686771,-0.6274275,2.155663,0.08977474,-0.4553298,2.394108,0.1511285,-0.45621,1.925537,0.1729448,-0.573429,2.273909,0.07526342,-0.5778971,2.216525,0.01141119,0.04184971,2.401642,-0.2252111,0.2834948,2.239143,-0.177068,0.1914667,2.205832,0.2571964,0.3032032,2.247363,0.2049655,0.1977927,2.225889,
0.002084014,-0.4587068,2.426986,0.008154856,-0.1707786,2.416008,0.01200821,0.1116666,2.394101,0.02012026,0.2630515,2.405993,-0.1472606,0.01319961,2.361732,-0.3049628,-0.08067609,2.270494,-0.2536321,0.1461308,2.23007,-0.2381187,0.208754,2.235449,0.1879351,0.003810537,2.391423,0.3442992,-0.07189486,2.282707,0.285912,0.1633086,2.244705,0.2677189,0.2314167,2.25042,-0.08173813,-0.448171,2.391298,-0.08282008,-0.4280213,1.918809,-0.07052365,-0.5584864,2.236074,-0.0752739,-0.6268607,2.155021,0.08555868,-0.4560934,2.396821,0.1497611,-0.4557365,1.928635,0.1705476,-0.566977,2.272474,0.06834193,-0.566946,2.213646,0.01122692,0.04187672,2.401733,-0.22378,0.2827882,2.2382,-0.1788099,0.1901382,2.206185,0.2594145,0.3056175,2.257078,0.2048622,0.1977746,2.224874,
0.002356111,-0.4587443,2.426263,0.008169901,-0.1707283,2.415922,0.0120292,0.1117389,2.39411,0.02010544,0.2630974,2.405943,-0.1473523,0.01298508,2.361188,-0.3049835,-0.0806349,2.270503,-0.2540117,0.1450372,2.23014,-0.2371038,0.2094391,2.23493,0.1879216,0.00377901,2.391408,0.3439631,-0.07055299,2.282661,0.2853979,0.1645895,2.244561,0.2669579,0.2322633,2.249941,-0.08122279,-0.4482718,2.390405,-0.07772535,-0.4312995,1.917813,-0.0704181,-0.5584744,2.236018,-0.07863881,-0.6252334,2.153054,0.08567743,-0.4561526,2.396149,0.1495262,-0.4559801,1.927915,0.1662256,-0.5654962,2.269019,0.06260702,-0.5654508,2.209671,0.01123828,0.0419347,2.401725,-0.2244194,0.2834336,2.237977,-0.1762483,0.1927985,2.205973,0.2568667,0.3044783,2.251113,0.2046958,0.1984444,2.225135,
0.002392414,-0.4587165,2.426286,0.008104053,-0.1706823,2.415967,0.01190839,0.111776,2.39412,0.02008835,0.2631103,2.405905,-0.1474673,0.01284278,2.360757,-0.3050552,-0.08057237,2.270515,-0.2545821,0.14344,2.230213,-0.2372087,0.2088566,2.234863,0.1879117,0.003866318,2.391384,0.3440957,-0.06915209,2.28229,0.2846804,0.165807,2.244448,0.2678322,0.2348263,2.250077,-0.08112306,-0.4482625,2.390383,-0.07611335,-0.4318291,1.917788,-0.07025085,-0.5584898,2.235954,-0.08037076,-0.6253353,2.153496,0.0856867,-0.4561133,2.396219,0.1492379,-0.4562411,1.927945,0.111871,-0.5522353,2.252526,0.05325734,-0.6123034,2.200126,0.0111202,0.0419769,2.401751,-0.2266761,0.2799843,2.237841,-0.176876,0.1916554,2.20549,0.2544377,0.3034619,2.251449,0.2048646,0.1982885,2.224876,
0.003181858,-0.458241,2.425748,0.008294581,-0.1703364,2.415765,0.01194076,0.1120579,2.393982,0.02007993,0.2631991,2.405892,-0.1470824,0.01358112,2.362427,-0.3050717,-0.08045436,2.270527,-0.2546329,0.1422293,2.229957,-0.2363797,0.2088901,2.234617,0.1879928,0.003970446,2.3913,0.3444709,-0.06916862,2.2823,0.284573,0.1656738,2.244479,0.2661988,0.2340752,2.248712,-0.07998019,-0.4477618,2.389343,-0.06893592,-0.4278702,1.916962,-0.07042822,-0.5580143,2.23605,-0.08056189,-0.6253328,2.154289,0.08621053,-0.4557475,2.396005,0.1492546,-0.4563066,1.927662,0.1098737,-0.5526323,2.252526,0.05439081,-0.6150818,2.199776,0.01117447,0.04226882,2.401607,-0.2274083,0.2801169,2.240562,-0.1769108,0.1916596,2.205311,0.2530913,0.3038578,2.245291,0.2052371,0.1985437,2.224583,
0.003123921,-0.4582158,2.425717,0.008142239,-0.1702644,2.415776,0.01181003,0.1121244,2.394,0.02007883,0.2632322,2.405852,-0.1471649,0.01322784,2.361703,-0.3050749,-0.08044802,2.270624,-0.2549426,0.1411216,2.23035,-0.2363999,0.2091824,2.234516,0.1879688,0.003965802,2.39129,0.3446853,-0.06902156,2.282308,0.2844296,0.1657128,2.244331,0.2655686,0.2343521,2.248931,-0.0800536,-0.4477658,2.389298,-0.06935946,-0.4301873,1.916829,-0.0707218,-0.5580311,2.236115,-0.08945054,-0.6238935,2.154841,0.08616792,-0.4557148,2.395985,0.154636,-0.4539774,1.928425,0.1085703,-0.5528077,2.252526,0.06024207,-0.6198608,2.198605,0.01102518,0.04234092,2.401628,-0.2201029,0.2835607,2.240432,-0.1782927,0.1895182,2.205059,0.249548,0.3028714,2.246059,0.205133,0.1983024,2.224671,
0.003046402,-0.4593682,2.423896,0.007960418,-0.1706806,2.415008,0.01171942,0.1120247,2.393716,0.0200402,0.2631615,2.405499,-0.1473588,0.01308991,2.361327,-0.3051513,-0.08066943,2.271008,-0.2549123,0.1409607,2.230361,-0.2354757,0.2093493,2.232919,0.1879601,0.00395302,2.391282,0.3454551,-0.06825256,2.282324,0.2840739,0.1661356,2.24385,0.2639394,0.2352025,2.245748,-0.0799109,-0.451056,2.385578,-0.06935554,-0.4309124,1.913199,-0.07089896,-0.5579827,2.236162,-0.08250278,-0.6233305,2.151884,0.0860289,-0.4558256,2.395296,0.1572018,-0.4559202,1.928168,0.1076583,-0.5529986,2.252526,0.04751254,-0.6132288,2.206012,0.01090484,0.04218445,2.401254,-0.2166063,0.2825704,2.236005,-0.1767507,0.1914613,2.204714,0.2504441,0.3063233,2.247015,0.2017521,0.1983484,2.22363,
0.003136995,-0.4597557,2.423292,0.008130714,-0.1708302,2.41476,0.01211576,0.1119703,2.393594,0.02007329,0.2631174,2.405206,-0.1475248,0.012921,2.360855,-0.3053389,-0.07951453,2.270972,-0.2549718,0.1407837,2.230372,-0.2363056,0.2092178,2.23197,0.1880658,0.003906074,2.391208,0.3464657,-0.06746122,2.283001,0.2837076,0.1663972,2.243143,0.2625694,0.2355691,2.243619,-0.0797236,-0.4520317,2.384521,-0.06928308,-0.4310951,1.91217,-0.0682019,-0.5584313,2.234356,-0.09787723,-0.6242068,2.158867,0.08604556,-0.4558215,2.395104,0.1592518,-0.4567646,1.928311,0.1069378,-0.5532788,2.252278,0.04539641,-0.6121447,2.205218,0.01121012,0.04210942,2.401111,-0.218845,0.283323,2.23648,-0.1771259,0.1914471,2.205291,0.2479569,0.3051743,2.243537,0.2037516,0.1984791,2.22344,
0.003809673,-0.4602579,2.423184,0.008316386,-0.1710415,2.414758,0.01214175,0.1118983,2.393623,0.01999873,0.2630443,2.405344,-0.1476009,0.01284192,2.36073,-0.305727,-0.07824692,2.271604,-0.2550695,0.1406942,2.23038,-0.2364832,0.2102166,2.232978,0.1910555,0.001717776,2.385228,0.348067,-0.06639478,2.284613,0.2837507,0.1667828,2.242751,0.2629628,0.2349505,2.243093,-0.07890126,-0.453147,2.383914,-0.06649396,-0.4281515,1.91179,-0.06949515,-0.5589226,2.235152,-0.09204448,-0.6235962,2.153809,0.08669919,-0.4558679,2.39542,0.157092,-0.4578342,1.928187,0.0713878,-0.5532606,2.245906,0.08861964,-0.6345692,2.212744,0.0112587,0.04201296,2.401137,-0.2176162,0.2833371,2.236614,-0.1778521,0.1901263,2.205126,0.2484652,0.3029258,2.237867,0.2017326,0.197997,2.221924,
0.004534798,-0.4607014,2.422534,0.008584552,-0.1711109,2.414391,0.01222925,0.1120283,2.393379,0.0202554,0.2630771,2.404864,-0.1472304,0.01312552,2.361729,-0.3067213,-0.07749293,2.272104,-0.2552917,0.1406322,2.23039,-0.2378757,0.2131619,2.230582,0.1906171,0.001998422,2.385988,0.3494964,-0.06508969,2.284562,0.2843026,0.1676662,2.241404,0.2638389,0.2353047,2.240137,-0.07829664,-0.4538674,2.383199,-0.06639592,-0.427159,1.911149,-0.07007297,-0.5584105,2.235126,-0.08931328,-0.6245306,2.154459,0.08743129,-0.4559007,2.394977,0.155404,-0.4612574,1.92762,0.1046319,-0.5508083,2.251315,0.03758144,-0.6060926,2.217281,0.01137432,0.04209645,2.40088,-0.2224249,0.2862924,2.235943,-0.1781436,0.1905584,2.20491,0.2478723,0.3047506,2.237716,0.2008367,0.1986083,2.220028,
0.004937808,-0.4608519,2.422164,0.008787296,-0.171122,2.414222,0.01233886,0.112102,2.393326,0.02027889,0.2630601,2.404828,-0.1467898,0.01347932,2.363017,-0.3080726,-0.07759286,2.273338,-0.2553547,0.1578316,2.228173,-0.2418257,0.2138475,2.23086,0.1902545,0.002264451,2.386578,0.3530524,-0.06286786,2.285063,0.2854733,0.1689722,2.240233,0.2683256,0.2341766,2.23929,-0.07794356,-0.4542685,2.382846,-0.06638128,-0.4257244,1.910888,-0.0700749,-0.5584092,2.235125,-0.08647899,-0.6261037,2.155796,0.08788744,-0.4557139,2.394637,0.1501931,-0.4596713,1.926399,0.104721,-0.5512056,2.251247,0.03728154,-0.6060736,2.217074,0.01149573,0.04215058,2.400806,-0.2270337,0.2857642,2.236974,-0.1806223,0.1985174,2.198118,0.24915,0.303348,2.237053,0.2061829,0.1995863,2.216239,
0.005122369,-0.4607421,2.422244,0.008903501,-0.1710917,2.414173,0.01247949,0.1120983,2.393121,0.02041328,0.2630934,2.404696,-0.1469037,0.01327624,2.362413,-0.3107541,-0.07802439,2.275805,-0.2614642,0.1581198,2.229662,-0.2527522,0.2152379,2.232951,0.1922975,0.001711904,2.384843,0.3580018,-0.06620604,2.288387,0.2921205,0.1655896,2.240126,0.2796716,0.233877,2.240895,-0.07769116,-0.4533276,2.383705,-0.06666185,-0.4251604,1.911712,-0.07009894,-0.5579861,2.235109,-0.08886233,-0.6262429,2.157627,0.08822601,-0.4558765,2.394427,0.1475127,-0.4630298,1.925674,0.1056056,-0.5504207,2.251767,0.03702614,-0.6041022,2.217871,0.01162589,0.0421561,2.400652,-0.2335138,0.2899176,2.239206,-0.1839866,0.2073646,2.203091,0.260929,0.3054371,2.241442,0.2201323,0.2028401,2.213333,
0.004926623,-0.4603286,2.422373,0.008787089,-0.1709441,2.414054,0.01234183,0.1121488,2.392666,0.02046286,0.2630906,2.404605,-0.1466268,0.01394839,2.363568,-0.3128475,-0.07996453,2.278136,-0.2715345,0.1571428,2.230778,-0.2693389,0.2161135,2.23322,0.1937742,0.001534141,2.384166,0.3614612,-0.06605066,2.289388,0.3099217,0.1680664,2.236209,0.2955023,0.2328305,2.24097,-0.0781524,-0.451963,2.384487,-0.06723064,-0.4247195,1.91244,-0.07070075,-0.5579581,2.235308,-0.09143759,-0.6250817,2.156858,0.08812437,-0.4558117,2.394346,0.1405854,-0.4600923,1.924687,0.1057787,-0.5495805,2.251336,0.04002381,-0.6061832,2.216457,0.01149439,0.04223576,2.400307,-0.2540051,0.2902089,2.244311,-0.1997213,0.2156923,2.1996,0.2777359,0.3059949,2.242965,0.2368088,0.2059465,2.218368,
0.004931027,-0.4599044,2.422509,0.008868271,-0.1708568,2.414025,0.01262053,0.1120846,2.392481,0.02062923,0.2631527,2.40439,-0.1461953,0.01417994,2.364015,-0.3140855,-0.08036289,2.279308,-0.2884755,0.1583198,2.230042,-0.2897529,0.2204279,2.2349,0.192741,0.00390766,2.386413,0.363412,-0.06488084,2.288715,0.3267915,0.1716971,2.235592,0.3208293,0.2310649,2.239348,-0.07815813,-0.4511609,2.385034,-0.06868557,-0.4246765,1.912916,-0.07376984,-0.5572712,2.236208,-0.07650926,-0.6256676,2.15497,0.08811658,-0.4556287,2.394265,0.1393912,-0.4593996,1.92446,0.1428795,-0.5674663,2.263151,0.09510538,-0.6381446,2.229603,0.01169835,0.04222354,2.400177,-0.2777396,0.2959576,2.243104,-0.2228537,0.2188745,2.198545,0.3102909,0.3041639,2.241264,0.265034,0.2082208,2.217808,
0.004851933,-0.4597783,2.422502,0.00893661,-0.1707847,2.413963,0.01302797,0.1121463,2.392285,0.02115287,0.2630146,2.403407,-0.145987,0.0141569,2.364307,-0.3146909,-0.08111042,2.280562,-0.2998455,0.1580046,2.229861,-0.3109714,0.2158338,2.232495,0.1918674,0.005672057,2.388074,0.3637575,-0.06505316,2.288228,0.3466233,0.1729158,2.232394,0.3486903,0.2304899,2.238921,-0.07820217,-0.4509023,2.385052,-0.06871661,-0.424546,1.912928,-0.07395472,-0.5572999,2.23625,-0.07893059,-0.6269614,2.157256,0.08797789,-0.4555972,2.394211,0.1344615,-0.4628311,1.923949,0.07936895,-0.5685838,2.24858,0.04902984,-0.6467377,2.216797,0.01199293,0.04229074,2.400018,-0.3240637,0.2932632,2.248257,-0.2481766,0.2181233,2.205929,0.3453919,0.3036655,2.240403,0.2902026,0.2241805,2.216389,
0.004686931,-0.4597193,2.422315,0.008968428,-0.1707658,2.413836,0.01327905,0.1121344,2.392144,0.02139944,0.2628408,2.40291,-0.1458897,0.01392405,2.364578,-0.3152668,-0.08191119,2.280833,-0.3242761,0.1255367,2.226558,-0.3297543,0.2110405,2.228236,0.1920849,0.006752036,2.387241,0.3633992,-0.06632166,2.287911,0.3840267,0.1707026,2.230775,0.3746824,0.2198816,2.23486,-0.07827555,-0.450758,2.385028,-0.06902051,-0.424854,1.912875,-0.07463568,-0.5567504,2.236606,-0.07655633,-0.6270846,2.158423,0.08753106,-0.4557762,2.393542,0.132217,-0.4648848,1.923143,0.09114052,-0.5661663,2.249536,0.0606354,-0.6443571,2.217749,0.01217456,0.04228581,2.399877,-0.348584,0.2856636,2.238126,-0.2709018,0.2178021,2.198715,0.3865028,0.2914604,2.236722,0.3189812,0.2112368,2.20892,
0.005197726,-0.4592101,2.422091,0.009583483,-0.170595,2.413599,0.01408502,0.1119703,2.391921,0.02186617,0.2624813,2.402401,-0.1458188,0.01334508,2.365211,-0.314335,-0.08352028,2.281547,-0.3243199,0.1216314,2.224854,-0.3385372,0.2024277,2.219655,0.1917421,0.008582387,2.386804,0.3606303,-0.07252645,2.288754,0.3848416,0.1642459,2.232809,0.3862806,0.2104995,2.230597,-0.07773844,-0.4504146,2.384987,-0.068859,-0.4247738,1.912814,-0.07395454,-0.5553308,2.237013,-0.08054659,-0.6268143,2.161347,0.08800984,-0.4551069,2.39307,0.1328621,-0.463636,1.922673,0.08996397,-0.5670943,2.249706,0.06259875,-0.6462426,2.215755,0.01293238,0.04220678,2.399642,-0.3655714,0.2761627,2.221798,-0.2821081,0.2074462,2.195695,0.4104927,0.2785989,2.230917,0.3310919,0.2099983,2.209607,
0.005209287,-0.459197,2.42212,0.009642478,-0.1705758,2.413583,0.01424,0.1120013,2.39183,0.02200997,0.2624025,2.402104,-0.1455664,0.01297792,2.365691,-0.3123827,-0.0836962,2.280397,-0.3225553,0.1150279,2.221743,-0.3370432,0.1950744,2.212464,0.19169,0.008619831,2.386513,0.3561373,-0.08520161,2.288496,0.3658307,0.1012567,2.222594,0.3763512,0.1820462,2.222387,-0.07763174,-0.4503733,2.385154,-0.06899126,-0.4246905,1.912978,-0.07414079,-0.5551318,2.237157,-0.08470401,-0.6262145,2.161633,0.08799471,-0.4551069,2.393062,0.1329318,-0.4635986,1.922672,0.09326479,-0.5667068,2.250427,0.06798001,-0.6462353,2.211851,0.01306451,0.0422328,2.399571,-0.3729527,0.2638828,2.205339,-0.2813562,0.2047697,2.194125,0.4072723,0.2496986,2.231737,0.3295546,0.200037,2.203089,
0.005464163,-0.4590653,2.422363,0.009769935,-0.1705458,2.413605,0.01431718,0.1119839,2.391767,0.02233246,0.2621837,2.401886,-0.1455203,0.01266028,2.366057,-0.3063343,-0.08612401,2.277157,-0.31909,0.115562,2.219616,-0.3241273,0.1921453,2.207448,0.1915763,0.008982194,2.38616,0.3490091,-0.09891157,2.289448,0.3801213,0.1358528,2.228623,0.3770932,0.1945525,2.220309,-0.0772545,-0.4501978,2.385673,-0.06918216,-0.4246737,1.913479,-0.07250819,-0.5549762,2.236754,-0.1021141,-0.6259496,2.171413,0.08813622,-0.4550431,2.393119,0.1330948,-0.4637405,1.922737,0.154264,-0.5779327,2.260227,0.07287007,-0.6001996,2.195614,0.01315062,0.04222442,2.399527,-0.366099,0.2610757,2.193765,-0.267769,0.1989141,2.190067,0.4076943,0.2651667,2.224175,0.3161819,0.1901853,2.1942,
0.006191307,-0.4592917,2.422399,0.0104228,-0.1706225,2.413524,0.01484677,0.1120232,2.391626,0.02245809,0.2621515,2.401759,-0.1454789,0.01253426,2.366312,-0.3011998,-0.09799848,2.278874,-0.2977532,0.1006846,2.215495,-0.2999187,0.18812,2.205037,0.1913732,0.008971186,2.385611,0.3447132,-0.1010561,2.289088,0.3390075,0.1177982,2.215667,0.3490438,0.1892849,2.215451,-0.07635012,-0.4503706,2.385889,-0.07026713,-0.4253996,1.91364,-0.0731113,-0.5552966,2.23677,-0.09986186,-0.6267111,2.170028,0.08872156,-0.4553621,2.39298,0.137122,-0.469068,1.923114,0.1725704,-0.5818112,2.27182,0.08622519,-0.5905102,2.209238,0.01371997,0.04223232,2.399393,-0.3364614,0.2562486,2.189305,-0.243367,0.1951163,2.196,0.3790896,0.2595511,2.213697,0.2886729,0.1922798,2.188529,
0.006503399,-0.4591234,2.423095,0.01063594,-0.1705959,2.413762,0.01497775,0.111985,2.391665,0.02273173,0.262264,2.401496,-0.1453684,0.01274197,2.366868,-0.2973857,-0.1032241,2.278774,-0.2773078,0.09479453,2.215121,-0.269175,0.1825516,2.207017,0.1914438,0.008915774,2.385458,0.3413585,-0.1013919,2.288371,0.3285458,0.1171143,2.214522,0.3188933,0.1836203,2.21111,-0.07603756,-0.4500688,2.386848,-0.07177097,-0.4260974,1.914533,-0.07418268,-0.5562117,2.237119,-0.09421348,-0.6279944,2.166742,0.08898569,-0.4553366,2.393413,0.1382836,-0.46663,1.923563,0.1618334,-0.5605458,2.266542,0.07590178,-0.5883778,2.214788,0.01386727,0.04220352,2.399465,-0.2945665,0.2514395,2.195874,-0.212036,0.1811494,2.20153,0.3404021,0.2523123,2.210998,0.2716237,0.1994265,2.213062,
0.006622393,-0.459025,2.423092,0.01033865,-0.1706254,2.414266,0.01299226,0.1113584,2.394038,0.02303,0.2618383,2.400734,-0.1453901,0.01277935,2.365188,-0.293823,-0.1082577,2.27733,-0.2716967,0.1030332,2.214219,-0.2396954,0.18114,2.206041,0.1914981,0.007478697,2.383698,0.3376671,-0.1021449,2.287815,0.2909677,0.1202649,2.209749,0.284609,0.1798224,2.206099,-0.07601502,-0.4498707,2.386898,-0.07199744,-0.4257091,1.91459,-0.07423177,-0.556397,2.237105,-0.07592712,-0.6273128,2.159891,0.08928343,-0.4553266,2.393326,0.1374987,-0.4604732,1.923205,0.09911887,-0.5537284,2.250574,0.04936996,-0.6228088,2.213288,0.01245865,0.04177989,2.401222,-0.2478927,0.2518699,2.1967,-0.1878165,0.1546155,2.195615,0.2943857,0.2522092,2.203527,0.2267037,0.1738724,2.1945,
0.006333278,-0.4588153,2.423225,0.009507022,-0.1705686,2.415095,0.01162459,0.1110707,2.395725,0.02329399,0.2617221,2.400356,-0.1457357,0.01249733,2.363357,-0.289693,-0.1083041,2.277698,-0.2517551,0.1091495,2.21176,-0.2155139,0.1838164,2.210262,0.1914747,0.006952851,2.385104,0.3348058,-0.1012759,2.285865,0.281966,0.118269,2.208583,0.2625849,0.1778184,2.206511,-0.07641438,-0.449379,2.387044,-0.07874384,-0.4288151,1.914577,-0.07153772,-0.557564,2.236577,-0.07106985,-0.6273448,2.157402,0.08904384,-0.4553168,2.393441,0.1372903,-0.4560446,1.923265,0.07392247,-0.5583265,2.247785,0.008701175,-0.6149275,2.214162,0.01119592,0.04157544,2.402709,-0.2064774,0.2506014,2.207012,-0.1666534,0.1391166,2.195062,0.2549647,0.251164,2.196363,0.2089229,0.1495395,2.192682,
0.001499924,-0.4572662,2.426869,0.009459571,-0.1704503,2.415238,0.01541308,0.1110839,2.393603,0.02335823,0.2617735,2.400334,-0.145958,0.01239759,2.362449,-0.2815782,-0.09818804,2.274157,-0.2079153,0.1197928,2.212667,-0.1965301,0.1752129,2.215831,0.1916022,0.0062552,2.384202,0.3239492,-0.09500264,2.258806,0.2700435,0.1134388,2.204729,0.2453656,0.1706003,2.208438,-0.08228128,-0.4460663,2.392474,-0.09670921,-0.4249349,1.920262,-0.07058918,-0.56057,2.236646,-0.06830832,-0.6242589,2.148755,0.08507954,-0.4552317,2.395684,0.1374795,-0.4550731,1.925962,0.06843897,-0.5511262,2.246504,0.09633413,-0.6295574,2.211292,0.01317157,0.04166315,2.401717,-0.1848563,0.2463965,2.216385,-0.1422125,0.1387932,2.199182,0.2310664,0.2382237,2.205227,0.1893001,0.1398038,2.193464,
0.001429076,-0.457183,2.426948,0.009603894,-0.1704636,2.415213,0.01712685,0.1105086,2.392563,0.02352235,0.2616513,2.400041,-0.1460545,0.01236232,2.361548,-0.2797843,-0.09371086,2.263019,-0.2082887,0.1113897,2.212014,-0.1969043,0.1722061,2.217207,0.1917348,0.005622571,2.383507,0.3291711,-0.1128447,2.283453,0.2676351,0.1106645,2.203812,0.2451958,0.1650539,2.21195,-0.08227192,-0.4459968,2.392468,-0.09529187,-0.4271742,1.920125,-0.06929183,-0.5603532,2.236686,-0.07168967,-0.6233695,2.148027,0.08486045,-0.455186,2.395885,0.1377664,-0.4549207,1.926221,0.06764674,-0.5507554,2.246531,0.09542039,-0.6292937,2.213542,0.01459744,0.04123694,2.40091,-0.1781467,0.2363829,2.218749,-0.1434059,0.1346515,2.196381,0.2284882,0.2293703,2.210305,0.1895493,0.1341481,2.19572,
0.001483898,-0.4571945,2.427054,0.01006183,-0.1704866,2.415113,0.01897225,0.1104004,2.391291,0.02368589,0.2617926,2.39978,-0.146118,0.01200913,2.360998,-0.2870414,-0.1089222,2.277194,-0.2113599,0.1109582,2.21226,-0.2122856,0.1700009,2.217263,0.1917117,0.005398261,2.385248,0.3306555,-0.1030697,2.264068,0.2684364,0.109739,2.203923,0.2590299,0.1660925,2.215617,-0.08209759,-0.4460483,2.392519,-0.09200324,-0.4302426,1.919998,-0.08632559,-0.5669634,2.242812,-0.01735036,-0.5738916,2.152137,0.08483516,-0.4552056,2.396055,0.1380179,-0.4554223,1.926426,0.06647567,-0.5497153,2.246563,0.09545889,-0.6278675,2.214232,0.01626163,0.04111991,2.399882,-0.2009726,0.2371924,2.216365,-0.1521272,0.1412154,2.195467,0.2428859,0.2278059,2.213473,0.2043468,0.1355477,2.195,
0.00307608,-0.4572513,2.4267,0.01067097,-0.1704866,2.414887,0.01905372,0.1104061,2.391117,0.0239429,0.2618906,2.399246,-0.1454715,0.01259415,2.362608,-0.290768,-0.1159277,2.284075,-0.2480772,0.1064349,2.215963,-0.241623,0.1668157,2.214168,0.1916405,0.005209729,2.386717,0.3421978,-0.1194671,2.289897,0.2809078,0.1027909,2.206865,0.2821668,0.1578526,2.212529,-0.08006333,-0.446237,2.391854,-0.08020131,-0.4301301,1.919222,-0.08412586,-0.5656659,2.242797,-0.0195086,-0.581582,2.150288,0.08609382,-0.4552635,2.395833,0.1404793,-0.4581448,1.926376,0.06617897,-0.5523624,2.247038,0.1007726,-0.6283087,2.213812,0.01649606,0.04111587,2.399635,-0.2378752,0.2305253,2.210666,-0.1836777,0.1418065,2.196958,0.2735577,0.2264488,2.204055,0.2269327,0.1328889,2.202217,
0.004316885,-0.4575914,2.426605,0.01125287,-0.1705962,2.414638,0.01920158,0.1104086,2.390672,0.02457518,0.262422,2.398444,-0.1453824,0.01229031,2.363585,-0.2920586,-0.121479,2.291986,-0.2518694,0.106695,2.215896,-0.2730168,0.1608655,2.211163,0.1916005,0.00537572,2.387729,0.3435426,-0.1219105,2.284175,0.3202354,0.07759228,2.210931,0.3108903,0.1456641,2.207362,-0.07842834,-0.4468769,2.391739,-0.07659612,-0.42814,1.919192,-0.08353125,-0.5636875,2.241969,-0.02254989,-0.5925528,2.152309,0.08700836,-0.4554441,2.395692,0.1419841,-0.4592824,1.926321,0.09003847,-0.5560471,2.249478,0.07180704,-0.6373299,2.210773,0.01680308,0.04108103,2.399183,-0.2778079,0.2323056,2.206283,-0.2110005,0.1562543,2.193929,0.3074938,0.2172485,2.205027,0.2726661,0.1515004,2.229714,
0.004526359,-0.4575354,2.426532,0.01152072,-0.1705417,2.414454,0.01941466,0.1104521,2.39028,0.02509504,0.2626597,2.397692,-0.1452542,0.01173299,2.364411,-0.2923136,-0.121555,2.291942,-0.2819134,0.09688199,2.213877,-0.3007861,0.1507935,2.207363,0.1914867,0.00545797,2.388474,0.3441077,-0.1260386,2.284977,0.325729,0.07462281,2.210242,0.3330321,0.139193,2.20532,-0.07823945,-0.4469299,2.39169,-0.07526474,-0.4282548,1.919145,-0.08203103,-0.5623754,2.241335,-0.03064572,-0.6047913,2.152783,0.08726749,-0.4552673,2.395538,0.1419474,-0.4592685,1.926133,0.08120966,-0.5602711,2.248229,0.04103351,-0.634355,2.210634,0.01709645,0.04112191,2.398792,-0.3144001,0.2228521,2.201118,-0.2408847,0.1587704,2.181929,0.3420255,0.2098266,2.200103,0.2754937,0.1271995,2.194765,
0.004988755,-0.4575925,2.426345,0.01182811,-0.1706257,2.414118,0.01948749,0.1103106,2.389609,0.02640722,0.2613555,2.39599,-0.1450947,0.01119722,2.364762,-0.2907365,-0.1272867,2.299913,-0.2905658,0.08968539,2.21387,-0.3147847,0.1389124,2.204378,0.1919297,0.005365121,2.387775,0.3417142,-0.1309633,2.288641,0.3313797,0.07062211,2.210325,0.3461687,0.1328751,2.203842,-0.07783773,-0.4471166,2.391524,-0.07389529,-0.4276052,1.919014,-0.08154473,-0.5619619,2.240752,-0.03753461,-0.6092722,2.150729,0.08780862,-0.4552219,2.395275,0.1424081,-0.4604162,1.92588,0.07721509,-0.562112,2.245892,0.03780773,-0.6365587,2.209237,0.01728611,0.04098142,2.398172,-0.3392397,0.2092568,2.194151,-0.2569928,0.1525272,2.180384,0.3638451,0.2035553,2.197504,0.2912938,0.1301006,2.184214,
0.00530544,-0.4577354,2.426174,0.01220987,-0.1706633,2.41365,0.01982015,0.1104492,2.388575,0.02723206,0.261065,2.393884,-0.1450749,0.009851127,2.365217,-0.2895342,-0.1285276,2.300128,-0.2974949,0.0781928,2.215024,-0.3144676,0.1360402,2.202929,0.1924819,0.00491942,2.38712,0.3378866,-0.1404436,2.300806,0.332671,0.06527191,2.210528,0.3454447,0.1270205,2.201553,-0.07748358,-0.4474658,2.39121,-0.07352889,-0.4276347,1.918711,-0.0810346,-0.5609795,2.240143,-0.04269899,-0.6139657,2.151903,0.08810566,-0.4552499,2.395171,0.1423732,-0.4610299,1.925747,0.07189727,-0.5507813,2.244361,0.06703883,-0.6338657,2.210288,0.01769651,0.04105818,2.397246,-0.3463501,0.2072271,2.186899,-0.2533678,0.1444763,2.182883,0.3664731,0.1969185,2.192664,0.2840591,0.124925,2.17845,
0.005388473,-0.4577513,2.426283,0.01232079,-0.1707214,2.413605,0.01999222,0.1102558,2.388191,0.02772881,0.2606855,2.392557,-0.1451104,0.009190615,2.365767,-0.2821516,-0.1372023,2.309758,-0.2971552,0.07599074,2.215011,-0.2999618,0.1280681,2.203817,0.1931522,0.004387459,2.386537,0.336084,-0.1463703,2.305734,0.327132,0.06027654,2.209943,0.3292941,0.1187892,2.200517,-0.07745021,-0.4475082,2.391271,-0.0734847,-0.4276702,1.918771,-0.079252,-0.5611185,2.239513,-0.03231211,-0.6152124,2.159418,0.08824427,-0.455238,2.395327,0.1415942,-0.461372,1.925798,0.07119762,-0.5499861,2.244134,0.07358904,-0.6331044,2.21036,0.01788497,0.04089469,2.396949,-0.3248681,0.1968598,2.186035,-0.2388554,0.1366759,2.187375,0.3448899,0.1889409,2.185635,0.2698222,0.1151792,2.1838,
0.005304162,-0.4578798,2.426466,0.01233309,-0.1708792,2.413441,0.02008688,0.109814,2.386983,0.02803772,0.2602702,2.391068,-0.1454675,0.008772017,2.366539,-0.2771308,-0.1420222,2.311414,-0.2843278,0.06235531,2.213921,-0.2720088,0.1160045,2.196266,0.1931356,0.004016811,2.387643,0.3325042,-0.1513754,2.30763,0.3141873,0.07130771,2.205356,0.3032571,0.10611,2.197121,-0.0774653,-0.4476634,2.391422,-0.07663587,-0.4329885,1.918747,-0.07511032,-0.5603743,2.236849,-0.04401736,-0.6275183,2.163337,0.08805761,-0.4553647,2.395548,0.1411429,-0.4625755,1.927087,0.08049729,-0.5435874,2.243515,0.07031617,-0.6264205,2.210804,0.01798536,0.04051467,2.396052,-0.2884065,0.1843869,2.178794,-0.2160812,0.09682184,2.1816,0.3109669,0.1776176,2.17957,0.2452413,0.09930524,2.189308,
0.005454904,-0.4578478,2.426511,0.01240973,-0.1708895,2.413391,0.02008347,0.1097759,2.386862,0.02814577,0.260294,2.390865,-0.1453804,0.008660027,2.366743,-0.2733327,-0.1467692,2.312486,-0.2607245,0.05187774,2.211387,-0.2468097,0.1074591,2.193466,0.1949618,0.002434753,2.387055,0.3288362,-0.1590057,2.312272,0.3031213,0.06244491,2.208169,0.2802138,0.0952931,2.196588,-0.07732867,-0.4476444,2.391446,-0.07609709,-0.4324981,1.918783,-0.06942812,-0.5585786,2.234802,-0.03591308,-0.6277688,2.167299,0.08820013,-0.4553355,2.395598,0.1408306,-0.4631407,1.927622,0.07683275,-0.5440627,2.243325,0.06171819,-0.6262528,2.210809,0.0180151,0.04048082,2.395938,-0.2535723,0.1793125,2.16708,-0.1935308,0.07273656,2.187176,0.2725225,0.1661454,2.173174,0.2283477,0.07696797,2.1898,
0.005609986,-0.4580832,2.426123,0.01278397,-0.1710927,2.412698,0.02054502,0.1097024,2.385994,0.02853413,0.2598675,2.389277,-0.1427887,0.008374496,2.366017,-0.2706244,-0.1523307,2.311442,-0.2092094,0.05233316,2.201321,-0.2165871,0.08906796,2.193866,0.1942419,-0.0002111497,2.384995,0.3264254,-0.1627948,2.31363,0.2800052,0.05415452,2.206635,0.2574765,0.08111537,2.195389,-0.07719671,-0.4478403,2.391021,-0.07615418,-0.4325629,1.91836,-0.06529322,-0.5567422,2.23236,-0.0514219,-0.6334138,2.169609,0.08837246,-0.455641,2.395203,0.140753,-0.4636,1.927035,0.1088275,-0.5589069,2.251075,0.04425761,-0.6153448,2.206213,0.01849733,0.04036168,2.395057,-0.2198225,0.1616555,2.163208,-0.1556319,0.08356624,2.194,0.2549576,0.1511013,2.169691,0.2071312,0.07063573,2.196615,
0.00577879,-0.4585075,2.426071,0.01284526,-0.1713266,2.412424,0.02041653,0.1096113,2.385407,0.02893472,0.2595325,2.387899,-0.1360461,0.007024325,2.361959,-0.2642497,-0.167306,2.33123,-0.2084868,0.0366174,2.20331,-0.2047844,0.07266278,2.193403,0.1908784,-0.007178079,2.380006,0.3248141,-0.1649976,2.324957,0.2673279,0.04527585,2.209409,0.2466154,0.07522252,2.197928,-0.07718085,-0.4481115,2.390956,-0.07614344,-0.4323947,1.918308,-0.06454682,-0.5551869,2.232121,-0.05386169,-0.633043,2.17148,0.08876735,-0.456307,2.395156,0.1406608,-0.4635644,1.927114,0.1257748,-0.5662487,2.253094,0.0470553,-0.6041873,2.205419,0.01844048,0.04022354,2.394548,-0.2088904,0.1398673,2.160838,-0.1444831,0.06362864,2.198066,0.2271692,0.1390164,2.177213,0.1900945,0.0620545,2.198222,
0.00596391,-0.458601,2.425772,0.01303437,-0.1712183,2.411796,0.02046865,0.1100743,2.38442,0.02925137,0.2594806,2.386033,-0.1365373,0.007564012,2.3585,-0.2621599,-0.1695317,2.334077,-0.2034149,0.0423957,2.222421,-0.2009795,0.07041279,2.195152,0.1901213,-0.00719786,2.378914,0.3237453,-0.1682978,2.333538,0.2536533,0.003576312,2.20583,0.2448552,0.06272046,2.201798,-0.07686199,-0.4483474,2.390178,-0.07610442,-0.4322957,1.917538,-0.06553458,-0.5549904,2.23197,-0.04896699,-0.6321518,2.171853,0.08884002,-0.4563265,2.3951,0.1396657,-0.4653967,1.925691,0.1229033,-0.5659689,2.251979,0.0457476,-0.6056464,2.202249,0.01855233,0.04058604,2.39363,-0.2055201,0.1295316,2.164828,-0.1360795,0.05490553,2.203125,0.2246882,0.1223071,2.179312,0.1943869,0.03278966,2.211739,
0.005903304,-0.4586782,2.425626,0.01305406,-0.1710973,2.410964,0.0206089,0.1107185,2.382473,0.02971182,0.2595615,2.385263,-0.1368932,0.007971124,2.356604,-0.2584337,-0.1732394,2.338944,-0.2186233,0.02936224,2.202447,-0.2042575,0.04535076,2.198848,0.1899891,-0.00723418,2.378815,0.3132662,-0.1797188,2.335078,0.2539515,0.002916488,2.205868,0.2543189,0.05950451,2.201397,-0.07690257,-0.4484304,2.389946,-0.07584638,-0.432329,1.917307,-0.066105,-0.5543573,2.231581,-0.04737949,-0.6316995,2.173315,0.08875118,-0.456401,2.395014,0.1383446,-0.4673265,1.925507,0.1273165,-0.5680097,2.252736,0.0470422,-0.6023432,2.202784,0.01867457,0.04107363,2.391966,-0.2071086,0.1143378,2.164732,-0.1431246,0.0390898,2.203334,0.2440302,0.1138901,2.182581,0.1978967,0.03012777,2.209572,
0.005994035,-0.4587539,2.425346,0.01323541,-0.171188,2.41017,0.02076498,0.1106081,2.381284,0.03024697,0.2588779,2.383814,-0.1372047,0.008333043,2.355352,-0.2498101,-0.1853909,2.338263,-0.2195582,0.0216153,2.206255,-0.2141928,0.03695319,2.198204,0.1900013,-0.007297257,2.378829,0.3003282,-0.2073691,2.367357,0.2600728,-0.01315384,2.218531,0.2672016,0.03983004,2.203152,-0.07675341,-0.4485191,2.389361,-0.07488971,-0.4323578,1.916724,-0.06729773,-0.5542701,2.231802,-0.04491559,-0.6305753,2.172912,0.08878384,-0.4564502,2.394934,0.1384024,-0.4680038,1.925433,0.1307173,-0.5672281,2.253712,0.04941299,-0.5996832,2.203718,0.01885476,0.04096889,2.390845,-0.215039,0.0993768,2.165333,-0.1617037,0.02938933,2.208,0.2696613,0.1029571,2.17138,0.2167265,0.04098742,2.217286,
0.006050533,-0.4587402,2.425143,0.0133722,-0.1712457,2.409365,0.02088911,0.1103773,2.379842,0.03063766,0.258826,2.382346,-0.1376578,0.008494589,2.354822,-0.2437299,-0.1854614,2.346667,-0.2323046,0.007425837,2.197808,-0.2293864,0.02525706,2.199837,0.1904048,-0.007491675,2.379054,0.2962113,-0.2158053,2.381036,0.2714642,-0.02525496,2.223982,0.2807318,0.02454197,2.205719,-0.07661736,-0.4485095,2.388879,-0.07397275,-0.4326894,1.916235,-0.06872762,-0.5550777,2.231664,-0.04042105,-0.6296865,2.172904,0.08878733,-0.456442,2.394903,0.1386489,-0.4687271,1.925382,0.131405,-0.5670323,2.253564,0.04974526,-0.5988663,2.203708,0.01899718,0.04078865,2.389549,-0.2434675,0.08897916,2.151646,-0.1669152,0.02934916,2.201555,0.2965293,0.08773783,2.163325,0.240619,0.04466416,2.2122,
0.006073429,-0.4588198,2.424941,0.01377177,-0.1716712,2.408598,0.02185662,0.109385,2.378471,0.03074563,0.2588634,2.382006,-0.137266,0.008317325,2.355407,-0.234169,-0.1858308,2.357249,-0.2351056,0.00462991,2.199391,-0.2468968,0.01464733,2.199071,0.1916209,-0.00826266,2.380185,0.2883205,-0.2231791,2.391484,0.2803343,-0.03567183,2.228945,0.2950777,0.01386577,2.208382,-0.07657374,-0.448616,2.388427,-0.0732185,-0.4330463,1.915778,-0.06744137,-0.5557469,2.230842,-0.04687126,-0.6327833,2.172958,0.08878688,-0.4564847,2.394866,0.1389898,-0.4695351,1.925351,0.1271579,-0.5663089,2.252069,0.04417706,-0.5951898,2.202079,0.01981764,0.03995335,2.388322,-0.2706565,0.07603915,2.161092,-0.1872694,0.03277683,2.18575,0.3121633,0.08584458,2.169421,0.2391017,0.02553692,2.198733,
0.00619596,-0.4590313,2.424617,0.01387173,-0.1718291,2.407823,0.02179158,0.1093759,2.377325,0.03081362,0.2587061,2.380527,-0.1375767,0.00735405,2.356989,-0.2312696,-0.1877642,2.36001,-0.2385139,-0.008473956,2.206954,-0.256995,0.003945766,2.200525,0.1921588,-0.008109072,2.380805,0.2788925,-0.2304279,2.403272,0.2849586,-0.053277,2.229011,0.2985712,0.002199455,2.209568,-0.0764768,-0.4488199,2.387993,-0.072582,-0.4335329,1.91534,-0.06729877,-0.5561936,2.230668,-0.04957196,-0.633786,2.172643,0.08889915,-0.4566818,2.394679,0.1393687,-0.4704013,1.925339,0.1287835,-0.5672233,2.251768,0.04540355,-0.5953657,2.202009,0.01980779,0.03990022,2.387259,-0.2980598,0.06736304,2.146433,-0.1996059,0.03663464,2.182538,0.3212094,0.06725074,2.179938,0.2453858,0.02036151,2.204867,
0.006125241,-0.4590427,2.424565,0.01407297,-0.1720603,2.407369,0.02268413,0.1086362,2.376171,0.03112382,0.2587403,2.379192,-0.138575,0.007362037,2.356358,-0.2244939,-0.1886559,2.362494,-0.2393791,-0.01306331,2.208873,-0.258148,0.004084316,2.20209,0.1914276,-0.004761348,2.384641,0.2672642,-0.2303695,2.4111,0.2836284,-0.05818761,2.232457,0.2924219,-0.004668496,2.208733,-0.07650021,-0.448831,2.387976,-0.07368112,-0.4364329,1.915246,-0.06712486,-0.5567291,2.230251,-0.05432691,-0.6353648,2.173005,0.08874595,-0.4566886,2.394594,0.139508,-0.4711376,1.925324,0.1302828,-0.5674559,2.25189,0.04670793,-0.5952387,2.202207,0.02049759,0.0393094,2.386294,-0.3022411,0.06664988,2.155348,-0.1981155,0.03692945,2.184667,0.310659,0.06184059,2.173607,0.2383599,0.01633462,2.199909,
0.006285973,-0.4590011,2.4243,0.01471979,-0.1722615,2.406852,0.02382883,0.1080914,2.375627,0.03118308,0.2583809,2.378228,-0.1390092,0.007311365,2.355838,-0.2105924,-0.2149726,2.377522,-0.2374498,-0.02561126,2.219571,-0.2494692,0.006497311,2.204368,0.1918213,-0.004230419,2.383858,0.2618105,-0.2321703,2.408177,0.2810151,-0.05922878,2.230597,0.2767188,-0.008235193,2.208174,-0.07618037,-0.4489354,2.387431,-0.07027308,-0.4371668,1.914715,-0.06453308,-0.5588632,2.22889,-0.0666687,-0.6393054,2.17574,0.08879948,-0.4565853,2.394513,0.1408662,-0.4723492,1.925404,0.1318919,-0.568023,2.251995,0.048135,-0.5954649,2.20238,0.02152609,0.03885376,2.385736,-0.286486,0.06881296,2.165663,-0.1905452,0.03119345,2.194511,0.2894506,0.05544103,2.170104,0.2209144,0.001033446,2.211,
0.005897941,-0.4589608,2.424517,0.01469722,-0.1722563,2.406835,0.02390756,0.1081171,2.375458,0.03116428,0.2583887,2.378208,-0.1389348,0.007601593,2.355087,-0.2111281,-0.2138789,2.375486,-0.2332233,-0.01315043,2.232195,-0.2378183,0.009976686,2.203148,0.1912479,-0.002706887,2.385316,0.2562015,-0.2322901,2.409008,0.2674931,-0.05410669,2.236133,0.2644586,-0.009799827,2.204844,-0.07652225,-0.4488766,2.387716,-0.07182017,-0.4388004,1.914957,-0.06296377,-0.5583965,2.228573,-0.07358231,-0.6385329,2.177091,0.0883038,-0.4565574,2.394728,0.1416849,-0.4731819,1.925531,0.1323705,-0.5685713,2.251813,0.04850385,-0.5957976,2.202262,0.02156614,0.03887046,2.385621,-0.2633585,0.07225934,2.165543,-0.1809177,0.01507943,2.2175,0.2765061,0.0448457,2.171063,0.2433247,0.03583026,2.192917,
0.005936156,-0.4589711,2.424413,0.01481978,-0.1722002,2.406633,0.0240608,0.1082824,2.375258,0.03121597,0.2583904,2.377546,-0.1388873,0.007893256,2.354037,-0.2121044,-0.2116162,2.365098,-0.2293597,-0.008242958,2.224775,-0.2195722,0.01337378,2.19896,0.1882854,-0.001147526,2.378261,0.2705928,-0.187781,2.346953,0.2648216,-0.009443169,2.202651,0.2571179,0.008176257,2.195737,-0.07649235,-0.4489409,2.387652,-0.06988339,-0.439258,1.914907,-0.06273298,-0.5581852,2.228457,-0.07440209,-0.6381794,2.176969,0.08834689,-0.4564935,2.394581,0.143088,-0.4741023,1.925591,0.1347317,-0.5739722,2.252018,0.05060405,-0.6006147,2.202534,0.02171967,0.03900641,2.385413,-0.2302653,0.07382239,2.162481,-0.1949797,0.05082365,2.187765,0.2617311,0.03832385,2.161591,0.2261251,0.02053072,2.198445,
0.006011128,-0.4589588,2.424371,0.01486505,-0.172146,2.406585,0.02404733,0.1084172,2.375235,0.0312602,0.2585864,2.377595,-0.1387587,0.008345757,2.353198,-0.2132829,-0.2079737,2.357842,-0.1657962,-0.003542044,2.230667,-0.2025347,0.01570822,2.199294,0.1868331,-9.959567E-05,2.375489,0.2707007,-0.188436,2.347816,0.2607366,-0.006221047,2.201576,0.2509158,0.01118484,2.194283,-0.0764398,-0.4489693,2.387648,-0.06974057,-0.4392734,1.914904,-0.06272409,-0.5581416,2.228478,-0.07168551,-0.6383514,2.176416,0.08845318,-0.4564118,2.394495,0.1429991,-0.474436,1.925552,0.1247305,-0.5696107,2.250419,0.04066094,-0.5961422,2.200972,0.02172683,0.03911105,2.385381,-0.2173268,0.06706082,2.158489,-0.1775683,0.06670035,2.176667,0.2494854,0.03964836,2.164224,0.224248,0.02377641,2.187875,
0.006369662,-0.4589412,2.42403,0.01512575,-0.172159,2.406289,0.0241418,0.1084046,2.3751,0.03130094,0.2584982,2.377377,-0.1384337,0.008859789,2.35204,-0.21345,-0.2078532,2.357414,-0.1962518,-0.00625262,2.213706,-0.1967857,0.007105094,2.195343,0.1866765,0.001505319,2.378908,0.2706654,-0.1886084,2.347333,0.2611995,-0.004636162,2.199791,0.2579429,0.008876303,2.190663,-0.07609972,-0.4490077,2.387446,-0.06942451,-0.4392951,1.914702,-0.06231014,-0.5579636,2.22835,-0.07333022,-0.6381547,2.177329,0.08878836,-0.4563267,2.394045,0.142669,-0.4747882,1.925526,0.1217818,-0.5678969,2.249418,0.03773832,-0.5944219,2.19998,0.02186347,0.0390967,2.385202,-0.1985522,0.05910144,2.163851,-0.1624454,0.01564763,2.199273,0.2617003,0.03828736,2.159383,0.2281368,0.02220392,2.198591,
0.006570417,-0.458919,2.423827,0.01527822,-0.1721766,2.406174,0.02420541,0.108381,2.37509,0.03158771,0.2583569,2.376628,-0.1382178,0.009228553,2.351225,-0.2138923,-0.2077387,2.356571,-0.1964683,-0.006117154,2.212621,-0.1971163,0.005467413,2.190635,0.186946,0.002512918,2.381505,0.2711321,-0.1893796,2.347011,0.260859,-0.007124632,2.198529,0.2673767,0.0089256,2.188426,-0.07589348,-0.4490153,2.387244,-0.06840262,-0.4390399,1.914515,-0.06238615,-0.5579557,2.228298,-0.07291297,-0.6381254,2.176884,0.08895317,-0.4562799,2.393883,0.1429583,-0.4750803,1.925545,0.1266171,-0.5734374,2.249819,0.04248618,-0.5998516,2.200423,0.02194929,0.03907223,2.385171,-0.2049242,0.05875917,2.151872,-0.1740842,0.0440276,2.1765,0.2654443,0.04300608,2.149879,0.2376592,0.02676894,2.1865,
0.006746926,-0.4589082,2.423685,0.01552035,-0.172214,2.40606,0.02445285,0.1083102,2.375071,0.03170351,0.2579815,2.376522,-0.1380721,0.009466807,2.350935,-0.2142486,-0.210946,2.362493,-0.1982003,-0.01131151,2.215485,-0.1988182,-0.0005213598,2.191067,0.1872192,0.002880072,2.382979,0.271281,-0.1910474,2.348695,0.2608169,-0.008446273,2.199165,0.264523,-0.01046774,2.201545,-0.07568196,-0.4490117,2.38701,-0.06623646,-0.4388192,1.914318,-0.06103153,-0.5577627,2.228108,-0.07720619,-0.6372696,2.177837,0.08907909,-0.4562656,2.393832,0.1441565,-0.4755426,1.925634,0.1298653,-0.5746334,2.250511,0.04568625,-0.6010315,2.201128,0.02220264,0.03900835,2.385124,-0.2047729,0.05536909,2.150534,-0.1785061,0.03799763,2.172714,0.2721984,0.04178751,2.164363,0.2081335,-0.003794291,2.202,
0.006758295,-0.4589337,2.423616,0.01552949,-0.1722635,2.405835,0.0244123,0.1082586,2.37472,0.03184986,0.2580622,2.376636,-0.138011,0.009646148,2.350709,-0.2136268,-0.2092438,2.360759,-0.1995129,-0.009883509,2.213165,-0.2018903,0.001922884,2.190624,0.1877161,0.00316568,2.384642,0.2726691,-0.1920121,2.349483,0.2618043,-0.008799529,2.199799,0.2648297,-0.009703235,2.20491,-0.07558215,-0.4490432,2.386886,-0.06465165,-0.4424106,1.914182,-0.05671039,-0.5556287,2.227818,-0.08725402,-0.6317911,2.180942,0.08903372,-0.456292,2.393795,0.1456961,-0.475971,1.925755,0.1307903,-0.5746839,2.250779,0.0467388,-0.6012241,2.201023,0.02218114,0.03895563,2.384798,-0.2123474,0.05606566,2.148133,-0.1789258,0.0444435,2.175689,0.2694324,0.04621265,2.169709,0.2017643,-0.009757185,2.2104,
0.006529028,-0.4589987,2.423698,0.01552599,-0.1722849,2.405842,0.02454093,0.1082101,2.374726,0.03212065,0.2580343,2.376689,-0.1378694,0.009778395,2.35039,-0.2135629,-0.208633,2.360026,-0.199689,-0.008861173,2.212998,-0.2015626,0.002765588,2.192033,0.1879226,0.003264579,2.385449,0.2740443,-0.1928485,2.350507,0.2622184,-0.00943746,2.200254,0.2616789,-0.01244089,2.205425,-0.07567477,-0.4490749,2.386873,-0.0648681,-0.4444844,1.914154,-0.05672232,-0.555638,2.22768,-0.08738394,-0.6318912,2.181583,0.08854502,-0.4564129,2.394118,0.1475568,-0.4764081,1.925914,0.1318585,-0.576798,2.251136,0.04774105,-0.6029998,2.20103,0.02225886,0.03891578,2.384803,-0.210015,0.05960867,2.152388,-0.1783611,0.04093083,2.178551,0.2694711,0.04827173,2.166544,0.2005751,-0.006124129,2.210667,
0.006697866,-0.4589702,2.423652,0.01557893,-0.1722453,2.405819,0.02452917,0.1082788,2.37473,0.03213454,0.2580371,2.376685,-0.1378285,0.009854564,2.350254,-0.2136198,-0.2067756,2.356176,-0.200936,-0.005948357,2.210567,-0.2009262,0.004948027,2.194721,0.1880005,0.003361615,2.386051,0.2758582,-0.1938938,2.353911,0.2642885,-0.01308857,2.200832,0.2610701,-0.01224682,2.205995,-0.0754782,-0.4490483,2.386799,-0.0614017,-0.4431657,1.914171,-0.05734243,-0.5562922,2.228158,-0.08614283,-0.6328384,2.180017,0.08868428,-0.4563823,2.394105,0.1492619,-0.4767663,1.926066,0.1326583,-0.5759147,2.25104,0.0483779,-0.6014794,2.200416,0.02226506,0.03896986,2.384799,-0.2116533,0.06557808,2.150577,-0.1799483,0.05286298,2.1767,0.2668911,0.04690618,2.168456,0.200713,-0.01821882,2.2122,
0.006405518,-0.4590769,2.423833,0.01555751,-0.1722491,2.405841,0.02457371,0.1083187,2.374733,0.03220316,0.2579623,2.376625,-0.1377838,0.009911286,2.350199,-0.2136219,-0.206667,2.356035,-0.2015758,-0.005652575,2.210645,-0.2026533,0.005484971,2.195584,0.1879912,0.003385916,2.386349,0.2767222,-0.1940714,2.355044,0.2640985,-0.01305568,2.20086,0.2560162,-0.01567266,2.206956,-0.07570717,-0.4491141,2.387005,-0.06169853,-0.4437992,1.914371,-0.05773297,-0.5567938,2.228263,-0.08504167,-0.6337469,2.179645,0.08831469,-0.456536,2.394283,0.1506653,-0.4770128,1.926426,0.132913,-0.5748029,2.251257,0.04848003,-0.5999416,2.200498,0.02228462,0.03898953,2.384805,-0.2096719,0.05947169,2.164601,-0.1758881,0.02376864,2.1954,0.266594,0.04469338,2.174581,0.1968461,-0.01677363,2.219625,
0.006563109,-0.4589611,2.423926,0.01566177,-0.1721671,2.405925,0.02463712,0.1083971,2.374845,0.03239876,0.2579329,2.376672,-0.137692,0.01005027,2.350184,-0.2140277,-0.206674,2.356176,-0.2004928,-0.004486725,2.212646,-0.2004095,0.005845666,2.198184,0.1885744,0.003639351,2.385178,0.2768652,-0.1939321,2.355026,0.2680991,-0.01008981,2.198401,0.2577426,-0.015956,2.205167,-0.07558871,-0.449078,2.387017,-0.0593459,-0.4429925,1.91446,-0.05765005,-0.5569828,2.228478,-0.08428832,-0.6341946,2.18007,0.08853576,-0.4562775,2.394536,0.1517498,-0.4772103,1.926824,0.1336306,-0.5737844,2.251775,0.04911492,-0.5987202,2.200948,0.02236211,0.03906877,2.384907,-0.2085316,0.06386397,2.158746,-0.1775394,0.04698232,2.19025,0.2583705,0.04650496,2.164344,0.235228,0.01612221,2.199667,
0.006781007,-0.4589828,2.424006,0.01589887,-0.1721061,2.406106,0.02491496,0.1086133,2.375244,0.0324623,0.2579238,2.376698,-0.1376454,0.0101007,2.350135,-0.2140272,-0.2065538,2.356202,-0.2004941,-0.004384938,2.212645,-0.1999375,0.006089097,2.196682,0.1884422,0.003715856,2.385845,0.2771247,-0.1937907,2.354842,0.2701591,-0.008125304,2.19599,0.2574533,-0.01597071,2.203722,-0.07534795,-0.4491086,2.387155,-0.05821893,-0.4430353,1.914628,-0.05761193,-0.556834,2.228654,-0.08269951,-0.634459,2.179867,0.08873281,-0.4562938,2.394573,0.1522099,-0.4773217,1.926904,0.1342858,-0.5732056,2.252137,0.04974632,-0.5980765,2.201244,0.0226371,0.0392397,2.385236,-0.2078051,0.06479958,2.157247,-0.1765255,0.05815377,2.180223,0.2637561,0.04290875,2.162489,0.2370475,0.03979408,2.188555,
0.00703972,-0.4589441,2.423942,0.01614216,-0.1720571,2.406118,0.02514812,0.1086872,2.375356,0.03257291,0.2578971,2.376731,-0.1375395,0.01020547,2.350069,-0.2141731,-0.20647,2.356339,-0.2005765,-0.004447632,2.21257,-0.1994453,0.00474597,2.197031,0.1884367,0.003848903,2.386197,0.2771117,-0.1934243,2.354063,0.2672566,-0.009873112,2.19687,0.2546324,-0.01776668,2.204527,-0.07510644,-0.4491149,2.387114,-0.05654896,-0.4424693,1.914645,-0.0572516,-0.5567832,2.228875,-0.08251282,-0.6343862,2.180228,0.08900543,-0.4562072,2.394488,0.1527838,-0.4774145,1.92687,0.1341911,-0.5733348,2.252156,0.04964987,-0.5981707,2.201219,0.02287851,0.03930849,2.38532,-0.2080441,0.06371561,2.153747,-0.1765525,0.04645123,2.184451,0.2566887,0.04526252,2.163998,0.194301,-0.02122543,2.208,
0.00717885,-0.4589116,2.423972,0.01623543,-0.1720701,2.406114,0.02520579,0.1086474,2.375336,0.0326263,0.2577001,2.376569,-0.1374978,0.01024601,2.350065,-0.2145559,-0.206656,2.356186,-0.2010127,-0.004605914,2.212452,-0.2001505,0.003848941,2.196527,0.1888221,0.003353765,2.38448,0.27712,-0.1934675,2.354209,0.2660784,-0.01020177,2.197103,0.2557158,-0.01659247,2.204408,-0.07492603,-0.449112,2.387097,-0.05526358,-0.4421347,1.914675,-0.05725489,-0.5567773,2.228878,-0.07883485,-0.6356317,2.181378,0.08912296,-0.4561447,2.394569,0.1533295,-0.4774725,1.927019,0.134221,-0.5730507,2.25218,0.04967521,-0.5978522,2.201194,0.02294726,0.03927507,2.385303,-0.2000811,0.06144154,2.163252,-0.1506428,-0.002811956,2.208111,0.2570806,0.04808416,2.164077,0.1943648,-0.02232667,2.208727,
0.007305009,-0.458945,2.424043,0.01633133,-0.1721154,2.406242,0.02526151,0.1085882,2.37558,0.0325053,0.257799,2.377231,-0.1374468,0.01032112,2.350103,-0.2143458,-0.2065617,2.356287,-0.2017011,-0.00460888,2.212327,-0.2017109,0.00523832,2.196172,0.1890276,0.003260674,2.383401,0.2773225,-0.1936895,2.354423,0.264838,-0.01086759,2.19805,0.2564891,-0.01646235,2.206065,-0.07482902,-0.4491431,2.387093,-0.05510592,-0.4422572,1.914673,-0.05730503,-0.5567772,2.228984,-0.07500529,-0.636701,2.182405,0.08930125,-0.4561865,2.394775,0.1534172,-0.4774862,1.92721,0.1348421,-0.5725613,2.252766,0.05034907,-0.5975017,2.201739,0.02301846,0.03922116,2.385509,-0.2037273,0.06119275,2.161667,-0.1379229,-0.01819718,2.2084,0.259205,0.04434806,2.167303,0.1951598,-0.01522644,2.21775,
0.007497316,-0.4588945,2.424227,0.01644454,-0.1721319,2.406339,0.02531735,0.1085404,2.37563,0.03251281,0.2577502,2.377271,-0.1373516,0.01040869,2.350095,-0.2144543,-0.2065104,2.356263,-0.2015728,-0.004382441,2.212585,-0.2011127,0.004724093,2.196792,0.1891306,0.003483434,2.382986,0.2773972,-0.1937,2.354436,0.2690244,-0.007800043,2.196545,0.2553539,-0.01723143,2.207663,-0.07465982,-0.4491307,2.3873,-0.05497315,-0.442001,1.91488,-0.0569466,-0.5568284,2.229408,-0.07447162,-0.6367685,2.182697,0.08950981,-0.4561005,2.394938,0.1534096,-0.4774826,1.927346,0.1345886,-0.5713898,2.252416,0.05019841,-0.5965586,2.201325,0.02308868,0.0391801,2.385569,-0.2035785,0.06273072,2.1615,-0.1781311,0.04030012,2.183789,0.2564969,0.04569139,2.160971,0.1947827,-0.02067618,2.213475,
0.007708922,-0.4588615,2.424387,0.01654791,-0.1721432,2.406421,0.02534694,0.1085148,2.375669,0.03271452,0.25762,2.377137,-0.1373166,0.01045916,2.350126,-0.2144884,-0.2065023,2.356534,-0.2018633,-0.004522858,2.212613,-0.2023026,0.005847968,2.196961,0.1890175,0.003820348,2.384278,0.2779162,-0.1936564,2.354944,0.27023,-0.005958504,2.195885,0.2556169,-0.01562812,2.206721,-0.07442389,-0.449166,2.387482,-0.0547741,-0.4418863,1.915061,-0.05652856,-0.556822,2.229791,-0.07542823,-0.6362488,2.181848,0.08969729,-0.4560064,2.395084,0.1533939,-0.4774784,1.927467,0.1353671,-0.5708166,2.253011,0.05101502,-0.5960862,2.201867,0.0231344,0.03915682,2.385615,-0.2064193,0.05971528,2.159874,-0.1495017,-0.007412482,2.2101,0.263749,0.04533818,2.175298,0.1946535,-0.01922665,2.212003,
0.008832957,-0.4590888,2.427718,0.0171284,-0.1722435,2.407735,0.02552782,0.1084997,2.375904,0.03273138,0.2575746,2.377181,-0.1372876,0.01049717,2.350152,-0.2144358,-0.2065007,2.356638,-0.2022506,-0.004588711,2.212579,-0.2021993,0.004504245,2.197737,0.1892384,0.003492313,2.382607,0.2782429,-0.1936492,2.355312,0.2673394,-0.008006124,2.197987,0.2558683,-0.0166072,2.207118,-0.07340544,-0.4496697,2.390725,-0.05443878,-0.4418012,1.918282,-0.05640595,-0.556744,2.230032,-0.07563163,-0.6361313,2.182267,0.09088295,-0.4559664,2.398517,0.1564288,-0.482577,1.940726,0.1353869,-0.5735838,2.253806,0.04790591,-0.5923944,2.206669,0.02340156,0.03912834,2.386036,-0.2120754,0.05836601,2.158946,-0.1800754,0.05084226,2.180819,0.2646104,0.04533446,2.167217,0.1945978,-0.01936741,2.21137,
0.009956563,-0.4590636,2.43027,0.01759057,-0.1723928,2.408624,0.02559648,0.1083995,2.375949,0.03264998,0.2575196,2.377147,-0.1372738,0.01052985,2.350174,-0.2144879,-0.2066417,2.357025,-0.2027145,-0.004772085,2.212869,-0.2022408,0.005049054,2.197461,0.1894543,0.003605937,2.382305,0.2787652,-0.1936567,2.356011,0.2663802,-0.008889215,2.198924,0.2561387,-0.01644007,2.207517,-0.07240388,-0.4498979,2.393253,-0.05436479,-0.4419298,1.920775,-0.05248657,-0.5550064,2.230916,-0.08329393,-0.631077,2.183844,0.09209098,-0.4557001,2.401098,0.1573096,-0.4831269,1.94444,0.1353796,-0.5735911,2.253817,0.04675227,-0.5887933,2.207225,0.02353173,0.03900824,2.386194,-0.2074332,0.05960119,2.16714,-0.1493855,-0.008581686,2.2081,0.2571842,0.04978745,2.164935,0.1955449,-0.02015298,2.214631,
0.01038211,-0.4590154,2.430878,0.01771272,-0.1723883,2.408926,0.02556607,0.1083903,2.375973,0.03264931,0.2575196,2.37715,-0.1372588,0.01054021,2.35017,-0.214584,-0.2066075,2.357119,-0.2031448,-0.00482328,2.21281,-0.2013537,0.00546539,2.197212,0.1893619,0.004306039,2.384244,0.279129,-0.1937893,2.356536,0.2659313,-0.009231874,2.199187,0.256415,-0.01618655,2.207901,-0.07190417,-0.4499742,2.393923,-0.05418606,-0.4421559,1.92143,-0.05308203,-0.5557021,2.231511,-0.08056272,-0.6328681,2.184054,0.09243748,-0.4555464,2.401653,0.1572576,-0.4833917,1.944635,0.1359356,-0.5739353,2.254121,0.04703873,-0.588131,2.207523,0.02351972,0.03900028,2.386256,-0.2118497,0.05966935,2.154103,-0.1792843,0.05552721,2.1795,0.2675887,0.04359643,2.163753,0.1950121,-0.01262787,2.216033,
0.0105724,-0.459028,2.431624,0.01783954,-0.1722658,2.409495,0.02556597,0.1085481,2.376168,0.03266404,0.2574677,2.377496,-0.13723,0.01055493,2.350191,-0.2144732,-0.2067495,2.357789,-0.2035314,-0.005093947,2.213253,-0.2036363,0.00705789,2.197646,0.1894821,0.004292676,2.384184,0.2792968,-0.1937027,2.356909,0.2649736,-0.01011307,2.200293,0.2563168,-0.01626873,2.210253,-0.07169051,-0.4500673,2.394621,-0.05389719,-0.442719,1.922126,-0.05431145,-0.5570363,2.232619,-0.07765516,-0.6346685,2.18135,0.09259078,-0.4554788,2.402446,0.157451,-0.4837154,1.94487,0.1356557,-0.5741655,2.254324,0.04626663,-0.5872428,2.209072,0.0235536,0.03916159,2.386548,-0.2083719,0.05999376,2.166707,-0.1504444,-0.006853524,2.214889,0.2591459,0.04845674,2.16582,0.1956788,-0.02087008,2.216372,
0.01077199,-0.459007,2.431904,0.01796499,-0.1723122,2.409679,0.02558704,0.1084911,2.37619,0.03259814,0.2570288,2.377488,-0.1371312,0.01065242,2.350291,-0.2144707,-0.2067351,2.357852,-0.2039484,-0.005272938,2.213,-0.2032058,0.005169108,2.196575,0.1892511,0.004610956,2.385728,0.279488,-0.1935787,2.357035,0.2645084,-0.01066329,2.200814,0.2559336,-0.01907566,2.209239,-0.0714624,-0.4500979,2.394836,-0.05353041,-0.4430684,1.922343,-0.05428127,-0.5570725,2.232738,-0.07860191,-0.6346074,2.182295,0.0927545,-0.4554014,2.402804,0.1576069,-0.4840313,1.945076,0.1356382,-0.5744895,2.254498,0.0459592,-0.5869167,2.210165,0.02359809,0.03910238,2.386607,-0.2135146,0.06018134,2.149745,-0.1795054,0.05356588,2.180546,0.2633994,0.048245,2.165217,0.1947004,-0.0174252,2.211782,
0.01080306,-0.4590732,2.432297,0.01804679,-0.1723408,2.410216,0.02563304,0.1085035,2.376598,0.03257642,0.2569782,2.37752,-0.1370896,0.01070504,2.350437,-0.2145913,-0.2066977,2.357911,-0.2040312,-0.005130139,2.213217,-0.2043891,0.007490112,2.198765,0.1889698,0.005657148,2.386792,0.280521,-0.1941655,2.36077,0.2639671,-0.0114857,2.202419,0.2566088,-0.01940673,2.210322,-0.07123055,-0.4502317,2.395352,-0.05322936,-0.4475624,1.922843,-0.05078575,-0.5567199,2.233871,-0.08558135,-0.6302523,2.182437,0.09262635,-0.4554228,2.403136,0.1579878,-0.484398,1.945323,0.1356126,-0.5746113,2.254812,0.04558336,-0.5861835,2.211619,0.0236673,0.03910628,2.387085,-0.204915,0.06497712,2.162584,-0.1769047,0.05250323,2.187811,0.2555625,0.05022489,2.165472,0.1949315,-0.01854102,2.214527,
0.01092509,-0.4594388,2.433226,0.01813631,-0.1724371,2.41055,0.02564184,0.1085071,2.376602,0.03251898,0.2570886,2.377985,-0.137073,0.01070219,2.350483,-0.214629,-0.20651,2.358159,-0.1977704,-0.002591083,2.217608,-0.2017499,0.008202848,2.199876,0.1893049,0.004832904,2.385415,0.280659,-0.1941376,2.361079,0.2637933,-0.01166358,2.202646,0.2561068,-0.01811778,2.209377,-0.07113934,-0.4505427,2.396119,-0.05273752,-0.4481275,1.923625,-0.05006463,-0.556533,2.234267,-0.08547764,-0.630003,2.183686,0.0927627,-0.4558343,2.404209,0.1587868,-0.4849921,1.946742,0.1352674,-0.5745991,2.255159,0.04503005,-0.5851725,2.211933,0.02369352,0.03910355,2.387125,-0.2073366,0.06166764,2.166992,-0.1472012,0.01042393,2.2125,0.2593413,0.04950075,2.16622,0.1955269,-0.02115828,2.215338,
0.01116129,-0.4594112,2.433701,0.01842533,-0.1725297,2.411124,0.02585881,0.1083344,2.377005,0.03253539,0.2568846,2.378076,-0.1370492,0.01070725,2.350494,-0.2142738,-0.2065094,2.358164,-0.2003576,-0.003361402,2.216114,-0.2019431,0.00831499,2.197694,0.1891916,0.004928856,2.38626,0.2808349,-0.1942717,2.361697,0.2634009,-0.01185178,2.202901,0.2553366,-0.01924894,2.209227,-0.07093797,-0.4505597,2.396505,-0.05235007,-0.4478149,1.924018,-0.04957006,-0.556177,2.234346,-0.08399588,-0.630313,2.184785,0.09301628,-0.4557575,2.404762,0.15894,-0.4852987,1.947066,0.1348928,-0.57459,2.255265,0.04451201,-0.5843439,2.211882,0.02394953,0.03893974,2.387609,-0.2073605,0.06467628,2.152849,-0.1780711,0.05900246,2.1829,0.2646903,0.0459477,2.165106,0.196395,-0.03108323,2.216445,
0.01125125,-0.4594446,2.433884,0.01855871,-0.1725573,2.411235,0.02600002,0.1083171,2.376994,0.0324806,0.2565989,2.378026,-0.1370312,0.01071246,2.350538,-0.2143688,-0.206528,2.358226,-0.2026259,-0.003907772,2.215185,-0.2016605,0.007470855,2.199869,0.189207,0.004888093,2.387127,0.2808872,-0.1942407,2.361657,0.2633088,-0.01188462,2.202873,0.2557578,-0.01526501,2.207777,-0.07084551,-0.4506173,2.396632,-0.0521245,-0.4480354,1.924149,-0.05038993,-0.5564575,2.234696,-0.08215031,-0.6315579,2.184586,0.09309465,-0.4557607,2.405007,0.1594633,-0.4861465,1.947854,0.1270566,-0.5703928,2.254106,0.03633246,-0.5770509,2.209783,0.02409222,0.03892011,2.387635,-0.2067415,0.06323168,2.161802,-0.1783677,0.05672533,2.182628,0.2641566,0.04729331,2.172826,0.1960472,-0.01958515,2.217008,
0.01147842,-0.4594692,2.434254,0.01860726,-0.1726787,2.411493,0.02588933,0.1081157,2.37712,0.03242001,0.2565206,2.378042,-0.1369991,0.01077316,2.350662,-0.2144739,-0.2065973,2.358137,-0.204135,-0.004228339,2.214613,-0.2045418,0.007675048,2.198052,0.1895498,0.004560131,2.3863,0.2809913,-0.1941247,2.361597,0.2630894,-0.01196039,2.203153,0.2561291,-0.01485785,2.208478,-0.0706903,-0.4506907,2.396987,-0.05093772,-0.4472755,1.924547,-0.05062291,-0.5565581,2.234871,-0.08165811,-0.6318101,2.184193,0.09338845,-0.4557338,2.405382,0.1597445,-0.4863512,1.94808,0.1304421,-0.5727404,2.255332,0.03963692,-0.5789117,2.210736,0.02402848,0.03874423,2.387799,-0.2108225,0.05955556,2.158748,-0.1812843,0.05331071,2.181195,0.2586995,0.04991376,2.170507,0.1951414,-0.02052388,2.213996,
0.01155962,-0.4595301,2.434671,0.01865398,-0.1727534,2.411764,0.02588695,0.1080659,2.377186,0.0324065,0.2564708,2.378022,-0.1370141,0.01078972,2.350763,-0.2145738,-0.2065473,2.358384,-0.2044319,-0.004275649,2.214702,-0.2045703,0.008550401,2.198363,0.1897051,0.004191685,2.385669,0.2812593,-0.1942003,2.362133,0.263169,-0.01206221,2.203274,0.2557582,-0.01818012,2.210355,-0.07062883,-0.4507048,2.397381,-0.05080045,-0.4472686,1.924944,-0.05183371,-0.5573568,2.235222,-0.0789142,-0.633733,2.183395,0.09348139,-0.4558458,2.405811,0.1585298,-0.4911004,1.94755,0.1245557,-0.5696092,2.255018,0.0338162,-0.575516,2.210188,0.02403836,0.03868354,2.387916,-0.2140394,0.06374772,2.154912,-0.1797578,0.05519141,2.181559,0.2687365,0.04673487,2.171326,0.195212,-0.02008712,2.215498,
0.01161687,-0.4595518,2.434756,0.01866695,-0.1728182,2.411814,0.02582987,0.1079142,2.377165,0.03241079,0.2564498,2.378063,-0.1370089,0.01079335,2.350765,-0.2146464,-0.2064626,2.358397,-0.2050801,-0.004555499,2.214136,-0.2039824,0.008233607,2.197001,0.1898351,0.003887083,2.384206,0.2813025,-0.1942078,2.362146,0.2629378,-0.01227611,2.203272,0.2552544,-0.01814758,2.207727,-0.07060605,-0.4507187,2.397442,-0.05077453,-0.4472495,1.925004,-0.05235808,-0.5573997,2.234987,-0.07665829,-0.6348654,2.18415,0.09357892,-0.4558768,2.405919,0.1586535,-0.4909274,1.947745,0.1263572,-0.5699759,2.25528,0.03559019,-0.575793,2.210377,0.02400932,0.0385653,2.387924,-0.2142389,0.06219684,2.159701,-0.1804141,0.05135478,2.1847,0.2650948,0.04655783,2.163106,0.1952115,-0.01220943,2.218333,
